{
  "root": [
    {
      "assemblyName": "Assembly-CSharp",
      "nameSpace": "",
      "className": "__UnmanagedPostProcessorOutput__1221673671587648887",
      "methodName": "EarlyInit",
      "loadTypes": 2,
      "isUnityClass": false
    },
    {
      "assemblyName": "Assembly-CSharp",
      "nameSpace": "",
      "className": "$BurstDirectCallInitializer",
      "methodName": "Initialize",
      "loadTypes": 2,
      "isUnityClass": false
    },
    {
      "assemblyName": "Unity.AI.Navigation",
      "nameSpace": "Unity.AI.Navigation",
      "className": "NavMeshLink",
      "methodName": "ClearTrackedList",
      "loadTypes": 1,
      "isUnityClass": true
    },
    {
      "assemblyName": "Unity.AI.Navigation",
      "nameSpace": "Unity.AI.Navigation",
      "className": "NavMeshModifier",
      "methodName": "ClearNavMeshModifiers",
      "loadTypes": 1,
      "isUnityClass": true
    },
    {
      "assemblyName": "Unity.AI.Navigation",
      "nameSpace": "Unity.AI.Navigation",
      "className": "NavMeshModifierVolume",
      "methodName": "ClearNavMeshModifiers",
      "loadTypes": 1,
      "isUnityClass": true
    },
    {
      "assemblyName": "Unity.AI.Navigation",
      "nameSpace": "Unity.AI.Navigation",
      "className": "NavMeshSurface",
      "methodName": "ClearNavMeshSurfaces",
      "loadTypes": 1,
      "isUnityClass": true
    },
    {
      "assemblyName": "Unity.Cinemachine",
      "nameSpace": "",
      "className": "DeltaTimeScaleProcessor",
      "methodName": "Initialize",
      "loadTypes": 0,
      "isUnityClass": true
    },
    {
      "assemblyName": "Unity.Cinemachine",
      "nameSpace": "Unity.Cinemachine",
      "className": "CinemachineStoryboard",
      "methodName": "InitializeModule",
      "loadTypes": 0,
      "isUnityClass": true
    },
    {
      "assemblyName": "Unity.Cinemachine",
      "nameSpace": "Unity.Cinemachine",
      "className": "CameraUpdateManager",
      "methodName": "InitializeModule",
      "loadTypes": 0,
      "isUnityClass": true
    },
    {
      "assemblyName": "Unity.Cinemachine",
      "nameSpace": "Unity.Cinemachine",
      "className": "Damper/AverageFrameRateTracker",
      "methodName": "Initialize",
      "loadTypes": 0,
      "isUnityClass": true
    },
    {
      "assemblyName": "Unity.Cinemachine",
      "nameSpace": "Unity.Cinemachine",
      "className": "UpdateTracker",
      "methodName": "InitializeModule",
      "loadTypes": 0,
      "isUnityClass": true
    },
    {
      "assemblyName": "Unity.Cinemachine",
      "nameSpace": "Unity.Cinemachine",
      "className": "CinemachineImpulseManager",
      "methodName": "InitializeModule",
      "loadTypes": 0,
      "isUnityClass": true
    },
    {
      "assemblyName": "Unity.Cinemachine",
      "nameSpace": "Unity.Cinemachine",
      "className": "CinemachineVolumeSettings",
      "methodName": "InitializeModule",
      "loadTypes": 0,
      "isUnityClass": true
    },
    {
      "assemblyName": "Unity.Collections",
      "nameSpace": "",
      "className": "__JobReflectionRegistrationOutput__1652832624114795843",
      "methodName": "EarlyInit",
      "loadTypes": 2,
      "isUnityClass": true
    },
    {
      "assemblyName": "Unity.Collections",
      "nameSpace": "",
      "className": "$BurstDirectCallInitializer",
      "methodName": "Initialize",
      "loadTypes": 2,
      "isUnityClass": true
    },
    {
      "assemblyName": "Unity.Entities",
      "nameSpace": "Unity.Entities",
      "className": "DefaultWorldInitialization",
      "methodName": "CleanupWorldBeforeSceneLoad",
      "loadTypes": 4,
      "isUnityClass": true
    },
    {
      "assemblyName": "Unity.Entities",
      "nameSpace": "Unity.Entities",
      "className": "UnityObjectRefUtility",
      "methodName": "EditorInitializeOnLoadMethod",
      "loadTypes": 0,
      "isUnityClass": true
    },
    {
      "assemblyName": "Unity.Entities",
      "nameSpace": "Unity.Entities.Content",
      "className": "RuntimeContentManager",
      "methodName": "RuntimeInitialization",
      "loadTypes": 4,
      "isUnityClass": true
    },
    {
      "assemblyName": "Unity.Entities",
      "nameSpace": "Unity.Entities.Content",
      "className": "RuntimeContentSystem",
      "methodName": "RuntimeInitialize",
      "loadTypes": 0,
      "isUnityClass": true
    },
    {
      "assemblyName": "Unity.Entities",
      "nameSpace": "",
      "className": "__UnmanagedPostProcessorOutput__873405366014431059",
      "methodName": "EarlyInit",
      "loadTypes": 2,
      "isUnityClass": true
    },
    {
      "assemblyName": "Unity.Entities",
      "nameSpace": "",
      "className": "__JobReflectionRegistrationOutput__873405366014431059",
      "methodName": "EarlyInit",
      "loadTypes": 2,
      "isUnityClass": true
    },
    {
      "assemblyName": "Unity.Entities",
      "nameSpace": "",
      "className": "$BurstDirectCallInitializer",
      "methodName": "Initialize",
      "loadTypes": 2,
      "isUnityClass": true
    },
    {
      "assemblyName": "Unity.Entities.Graphics",
      "nameSpace": "Unity.Rendering",
      "className": "CallFromBurstRenderMeshArrayHelper",
      "methodName": "RuntimeInitialization",
      "loadTypes": 4,
      "isUnityClass": true
    },
    {
      "assemblyName": "Unity.Entities.Graphics",
      "nameSpace": "",
      "className": "__UnmanagedPostProcessorOutput__15658054014967519112",
      "methodName": "EarlyInit",
      "loadTypes": 2,
      "isUnityClass": true
    },
    {
      "assemblyName": "Unity.Entities.Graphics",
      "nameSpace": "",
      "className": "__JobReflectionRegistrationOutput__15658054014967519112",
      "methodName": "EarlyInit",
      "loadTypes": 2,
      "isUnityClass": true
    },
    {
      "assemblyName": "Unity.Entities.Graphics",
      "nameSpace": "",
      "className": "$BurstDirectCallInitializer",
      "methodName": "Initialize",
      "loadTypes": 2,
      "isUnityClass": true
    },
    {
      "assemblyName": "Unity.Entities.Hybrid",
      "nameSpace": "Unity.Entities",
      "className": "AutomaticWorldBootstrap",
      "methodName": "Initialize",
      "loadTypes": 1,
      "isUnityClass": true
    },
    {
      "assemblyName": "Unity.Entities.Hybrid",
      "nameSpace": "Unity.Entities",
      "className": "AttachToEntityClonerInjection",
      "methodName": "Initialize",
      "loadTypes": 1,
      "isUnityClass": true
    },
    {
      "assemblyName": "Unity.Entities.Hybrid",
      "nameSpace": "",
      "className": "__UnmanagedPostProcessorOutput__9072293916200734001",
      "methodName": "EarlyInit",
      "loadTypes": 2,
      "isUnityClass": true
    },
    {
      "assemblyName": "Unity.Entities.Hybrid",
      "nameSpace": "",
      "className": "__JobReflectionRegistrationOutput__9072293916200734001",
      "methodName": "EarlyInit",
      "loadTypes": 2,
      "isUnityClass": true
    },
    {
      "assemblyName": "Unity.Entities.Hybrid",
      "nameSpace": "",
      "className": "$BurstDirectCallInitializer",
      "methodName": "Initialize",
      "loadTypes": 2,
      "isUnityClass": true
    },
    {
      "assemblyName": "Unity.InputSystem",
      "nameSpace": "UnityEngine.InputSystem",
      "className": "InputSystem",
      "methodName": "RunInitializeInPlayer",
      "loadTypes": 4,
      "isUnityClass": true
    },
    {
      "assemblyName": "Unity.InputSystem",
      "nameSpace": "UnityEngine.InputSystem",
      "className": "InputSystem",
      "methodName": "RunInitialUpdate",
      "loadTypes": 1,
      "isUnityClass": true
    },
    {
      "assemblyName": "Unity.InputSystem.ForUI",
      "nameSpace": "UnityEngine.InputSystem.Plugins.InputForUI",
      "className": "InputSystemProvider",
      "methodName": "Bootstrap",
      "loadTypes": 4,
      "isUnityClass": true
    },
    {
      "assemblyName": "Unity.Mathematics.Extensions",
      "nameSpace": "",
      "className": "__JobReflectionRegistrationOutput__17839253571194290070",
      "methodName": "EarlyInit",
      "loadTypes": 2,
      "isUnityClass": true
    },
    {
      "assemblyName": "Unity.Physics.Custom",
      "nameSpace": "",
      "className": "__UnmanagedPostProcessorOutput__10890733004699962584",
      "methodName": "EarlyInit",
      "loadTypes": 2,
      "isUnityClass": true
    },
    {
      "assemblyName": "Unity.Physics.Custom",
      "nameSpace": "",
      "className": "__JobReflectionRegistrationOutput__10890733004699962584",
      "methodName": "EarlyInit",
      "loadTypes": 2,
      "isUnityClass": true
    },
    {
      "assemblyName": "Unity.Physics.Custom",
      "nameSpace": "",
      "className": "$BurstDirectCallInitializer",
      "methodName": "Initialize",
      "loadTypes": 2,
      "isUnityClass": true
    },
    {
      "assemblyName": "Unity.Physics",
      "nameSpace": "Unity.Physics",
      "className": "MeshUtilities",
      "methodName": "InitReferenceMeshes",
      "loadTypes": 0,
      "isUnityClass": true
    },
    {
      "assemblyName": "Unity.Physics",
      "nameSpace": "",
      "className": "__UnmanagedPostProcessorOutput__9168942719694602997",
      "methodName": "EarlyInit",
      "loadTypes": 2,
      "isUnityClass": true
    },
    {
      "assemblyName": "Unity.Physics",
      "nameSpace": "",
      "className": "__JobReflectionRegistrationOutput__9168942719694602997",
      "methodName": "EarlyInit",
      "loadTypes": 2,
      "isUnityClass": true
    },
    {
      "assemblyName": "Unity.Physics",
      "nameSpace": "",
      "className": "$BurstDirectCallInitializer",
      "methodName": "Initialize",
      "loadTypes": 2,
      "isUnityClass": true
    },
    {
      "assemblyName": "Unity.Physics.Hybrid",
      "nameSpace": "",
      "className": "__UnmanagedPostProcessorOutput__10599518207922333447",
      "methodName": "EarlyInit",
      "loadTypes": 2,
      "isUnityClass": true
    },
    {
      "assemblyName": "Unity.Physics.Hybrid",
      "nameSpace": "",
      "className": "__JobReflectionRegistrationOutput__10599518207922333447",
      "methodName": "EarlyInit",
      "loadTypes": 2,
      "isUnityClass": true
    },
    {
      "assemblyName": "Unity.Physics.Hybrid",
      "nameSpace": "",
      "className": "$BurstDirectCallInitializer",
      "methodName": "Initialize",
      "loadTypes": 2,
      "isUnityClass": true
    },
    {
      "assemblyName": "Unity.Rendering.LightTransport.Runtime",
      "nameSpace": "",
      "className": "__JobReflectionRegistrationOutput__16164947281921951637",
      "methodName": "EarlyInit",
      "loadTypes": 2,
      "isUnityClass": true
    },
    {
      "assemblyName": "Unity.RenderPipelines.Core.Runtime",
      "nameSpace": "UnityEngine.Experimental.Rendering",
      "className": "XRSystem",
      "methodName": "XRSystemInit",
      "loadTypes": 3,
      "isUnityClass": true
    },
    {
      "assemblyName": "Unity.RenderPipelines.Core.Runtime",
      "nameSpace": "UnityEngine.Rendering",
      "className": "DebugUpdater",
      "methodName": "RuntimeInit",
      "loadTypes": 0,
      "isUnityClass": true
    },
    {
      "assemblyName": "Unity.RenderPipelines.GPUDriven.Runtime",
      "nameSpace": "",
      "className": "__JobReflectionRegistrationOutput__15867191014387474753",
      "methodName": "EarlyInit",
      "loadTypes": 2,
      "isUnityClass": true
    },
    {
      "assemblyName": "Unity.RenderPipelines.Universal.2D.Runtime",
      "nameSpace": "",
      "className": "$BurstDirectCallInitializer",
      "methodName": "Initialize",
      "loadTypes": 2,
      "isUnityClass": true
    },
    {
      "assemblyName": "Unity.Scenes",
      "nameSpace": "",
      "className": "__UnmanagedPostProcessorOutput__2061669765567869899",
      "methodName": "EarlyInit",
      "loadTypes": 2,
      "isUnityClass": true
    },
    {
      "assemblyName": "Unity.Scenes",
      "nameSpace": "",
      "className": "__JobReflectionRegistrationOutput__2061669765567869899",
      "methodName": "EarlyInit",
      "loadTypes": 2,
      "isUnityClass": true
    },
    {
      "assemblyName": "Unity.Scenes",
      "nameSpace": "",
      "className": "$BurstDirectCallInitializer",
      "methodName": "Initialize",
      "loadTypes": 2,
      "isUnityClass": true
    },
    {
      "assemblyName": "Unity.Serialization",
      "nameSpace": "Unity.Serialization",
      "className": "DefaultPropertyBagInitializer",
      "methodName": "Initialize",
      "loadTypes": 0,
      "isUnityClass": true
    },
    {
      "assemblyName": "Unity.Serialization",
      "nameSpace": "Unity.Serialization.Json",
      "className": "JsonObject",
      "methodName": "RegisterPropertyBag",
      "loadTypes": 4,
      "isUnityClass": true
    },
    {
      "assemblyName": "Unity.Serialization",
      "nameSpace": "Unity.Serialization.Json",
      "className": "JsonArray",
      "methodName": "RegisterPropertyBag",
      "loadTypes": 4,
      "isUnityClass": true
    },
    {
      "assemblyName": "Unity.Serialization",
      "nameSpace": "",
      "className": "__JobReflectionRegistrationOutput__14542720655017034712",
      "methodName": "EarlyInit",
      "loadTypes": 2,
      "isUnityClass": true
    },
    {
      "assemblyName": "Unity.Transforms",
      "nameSpace": "",
      "className": "__UnmanagedPostProcessorOutput__17410405008362739185",
      "methodName": "EarlyInit",
      "loadTypes": 2,
      "isUnityClass": true
    },
    {
      "assemblyName": "Unity.Transforms",
      "nameSpace": "",
      "className": "__JobReflectionRegistrationOutput__17410405008362739185",
      "methodName": "EarlyInit",
      "loadTypes": 2,
      "isUnityClass": true
    },
    {
      "assemblyName": "Unity.Transforms",
      "nameSpace": "",
      "className": "$BurstDirectCallInitializer",
      "methodName": "Initialize",
      "loadTypes": 2,
      "isUnityClass": true
    },
    {
      "assemblyName": "Unity.Transforms.Hybrid",
      "nameSpace": "",
      "className": "__UnmanagedPostProcessorOutput__16892858388369750051",
      "methodName": "EarlyInit",
      "loadTypes": 2,
      "isUnityClass": true
    },
    {
      "assemblyName": "Unity.Transforms.Hybrid",
      "nameSpace": "",
      "className": "__JobReflectionRegistrationOutput__16892858388369750051",
      "methodName": "EarlyInit",
      "loadTypes": 2,
      "isUnityClass": true
    },
    {
      "assemblyName": "Unity.Transforms.Hybrid",
      "nameSpace": "",
      "className": "$BurstDirectCallInitializer",
      "methodName": "Initialize",
      "loadTypes": 2,
      "isUnityClass": true
    },
    {
      "assemblyName": "Unity.VisualScripting.Core",
      "nameSpace": "Unity.VisualScripting",
      "className": "RuntimeVSUsageUtility",
      "methodName": "RuntimeInitializeOnLoadBeforeSceneLoad",
      "loadTypes": 1,
      "isUnityClass": true
    }
  ]
}
